Pernambuco | Todos os Munic&iacute;pios
Munic&iacute;pio [-],C&oacute;digo [-],Gent&iacute;lico [-],Prefeito [2025],&Aacute;rea Territorial - km&sup2; [2024],Popula&ccedil;&atilde;o no &uacute;ltimo censo - pessoas [2022],Densidade demogr&aacute;fica - hab/km&sup2; [2022],Popula&ccedil;&atilde;o estimada - pessoas [2025],Escolariza&ccedil;&atilde;o &lt;span&gt;6 a 14 anos&lt;/span&gt; - % [2022],IDHM &lt;span&gt;&Iacute;ndice de desenvolvimento humano municipal&lt;/span&gt; [2010],Mortalidade infantil - &oacute;bitos por mil nascidos vivos [2023],Total de receitas brutas realizadas - R$ [2024],Total de despesas brutas empenhadas - R$ [2024],PIB per capita - R$ [2021],
Abreu e Lima,2600054,abreu-limense,FLAVIO VIEIRA GADELHA DE ALBUQUERQUE,126.384,98462,779.07,104248,99.09,0.679,10.53,311889181.41,308152744.46,17123.06,
Afogados da Ingazeira,2600104,afogadense,ALESANDRO PALMEIRA DE VASCONCELOS LEITE,378.031,40241,106.54,42672,98.39,0.657,24.69,216067853.44,214470901.08,14430.74,
Afr&acirc;nio,2600203,afraniense,CLOVES RAMOS DE MACEDO,1490.594,18674,12.53,19409,98.98,0.588,-,124421894.02,109062254.79,10500.7,
Agrestina,2600302,agrestinense,JOSU&Eacute; MENDES DA SILVA,200.369,23779,118.68,24680,99.31,0.592,10.61,137251224.34,127036997.96,13980.13,
&Aacute;gua Preta,2600401,&aacute;gua-pretense,ANTONIO MANOEL DA SILVA,531.935,26461,49.74,26981,99.06,0.553,11.49,146333568.98,137676911.83,6950.9,
&Aacute;guas Belas,2600500,&aacute;guas-belense,JOS&Eacute; ELTON MARTINS DE SOUZA,885.988,41548,46.89,43822,97.99,0.526,15.92,213671440.06,219542289.73,9132.13,
Alagoinha,2600609,alagoinhense,SIMAO CIRINEU DA COSTA NETO,208.149,13542,63.20,14460,98.25,0.599,29.13,80879965.85,77108674.97,9794.9,
Alian&ccedil;a,2600708,aliancense,PEDRO ERMIRIO DE ALMEIDA FREITAS FILHO,272.773,35741,131.03,37349,98.77,0.604,4.1,165520984.88,175846722.49,10761.16,
Altinho,2600807,altinense,MARIVALDO PENA,450.178,20674,45.92,21134,99.7,0.598,8.2,100081074.4,98054265.5,9679.46,
Amaraji,2600906,amarajinense,FL&Aacute;UCIO DE ARA&Uacute;JO GUIMAR&Atilde;ES,233.239,18205,78.05,18335,99.43,0.580,7.63,99650694.25,97710533.42,12850.59,
Angelim,2601003,angelinense,CARLOS HENRIQUE FIGUEIREDO LOPES LIMA,118.720,10241,86.72,10591,97.9,0.572,21.13,69165440.45,66935433.74,12588.25,
Ara&ccedil;oiaba,2601052,ara&ccedil;oiabense,CARLOS JOGLI ALBUQUERQUE TAVARES UCH&Ocirc;A,96.360,19243,199.70,19996,98.36,0.592,10.95,111568944.31,104519676.05,7732.35,
Araripina,2601102,araripinense,EVIL&Aacute;SIO MATEUS DA SILVA CARDOSO,2037.394,85088,41.76,90504,97.68,0.602,11.38,377202550.76,399934864.27,14912.98,
Arcoverde,2601201,arcoverdense,JOS&Eacute; CAVALCANTI ALVES J&Uacute;NIOR,343.923,77742,226.04,82487,99.12,0.667,11.7,327484071,317259552.36,16141.61,
Barra de Guabiraba,2601300,guabirabense,DIOGO CARLOS DE LIMA SILVA,118.639,12263,103.36,12601,97.48,0.577,-,82802652.68,72981696.67,10042.58,
Barreiros,2601409,barreirense,CARLOS ARTUR SOARES DE AVELLAR JUNIOR,233.433,40121,171.87,42083,97.92,0.586,10.64,206287775.15,206701612.34,11757.3,
Bel&eacute;m de Maria,2601508,belenense,ROBERTO PAULO DO NASCIMENTO SILVA,75.912,10378,141.88,10798,98.8,0.578,31.25,82449464.32,63580027.28,8176.47,
Bel&eacute;m do S&atilde;o Francisco,2601607,belenense,CALBY DE CARVALHO CRUZ,1830.828,18301,10.00,18648,99.34,0.642,7.19,118569601.06,114377628.13,17669.71,
Belo Jardim,2601706,belo-jardinense,GILVANDRO ESTRELA DE OLIVEIRA,647.445,79507,122.80,84033,97.1,0.629,12.57,376938631.19,342101292.22,35942.24,
Bet&acirc;nia,2601805,betaniense,ERIVALDO SEVERINO BEZERRA,1256.138,11232,9.03,11961,99.2,0.559,29.63,81493864.68,82089768.44,8220.08,
Bezerros,2601904,bezerrense,MARIA LUCIELLE SILVA LAURENTINO,497.156,61694,125.23,65007,98.53,0.606,9.52,259068932.52,242739337.99,15794.39,
Bodoc&oacute;,2602001,bodocoense,OT&Aacute;VIO AUGUSTO TAVARES PEDROSA CAVALCANTE,1621.786,34478,21.26,36145,98.53,0.565,14.89,182901907.66,178675214.97,8211.64,
Bom Conselho,2602100,conselhense,EDEZIO FERREIRA DOS SANTOS FILHO,790.774,44294,55.91,46202,98.5,0.563,14.93,230149280.29,239318617.94,13132.22,
Bom Jardim,2602209,bom-jardinense,JOAO FRANCISCO DA SILVA NETO,226.639,37629,167.91,39289,99.65,0.602,12.32,186735721.2,186482733.8,9165.99,
Bonito,2602308,bonitense,RUY BARBOSA,392.627,37474,95.31,39212,97.78,0.561,20.22,205725701.49,194606085.44,14155.54,
Brej&atilde;o,2602407,brejonense,SAULO HENRIQUE FLORENTINO DE BARROS,159.786,9079,56.82,9417,99.74,0.547,25.97,78745058.3,79570138.84,20451.9,
Brejinho,2602506,breijinhense,GILSOMAR BENTO DA COSTA,106.066,7720,72.80,8033,99.75,0.574,32.97,65334303.99,81131351.87,11200.23,
Brejo da Madre de Deus,2602605,brejense,ROBERTO ABRAHAM ABRAHAMIAN ASFORA,761.824,48648,63.81,51308,99.08,0.562,21.05,226327535.27,221369099.69,8924.43,
Buenos Aires,2602704,buenairense,HENRIQUE JOSE QUEIROZ COSTA,93.187,12808,137.44,13276,99.68,0.593,14.93,79391439.56,78677918.68,10068.94,
Bu&iacute;que,2602803,buiquense,T&Uacute;LIO HENRIQUE ARA&Uacute;JO CAVALCANTI,1336.544,52097,38.98,53489,97.67,0.527,16.19,248734097.75,232399641.11,9235.21,
Cabo de Santo Agostinho,2602902,cabense,LUIZ CABRAL DE OLIVEIRA FILHO,445.386,203440,456.77,218049,98.01,0.686,10.87,1391194493.1,1224966866.72,65022.05,
Cabrob&oacute;,2603009,cabroboense,ELIOENAI DIAS SANTOS FILHO,1658.616,30294,18.26,31762,98.61,0.623,23.26,175862578.16,175361790.42,12676.5,
Cachoeirinha,2603108,cachoeirinhense,ANDR&Eacute; PEDRO VALEN&Ccedil;A DE MELO RAIMUNDO,179.262,19899,111.01,20673,97.84,0.579,16.78,97623401.35,86664337.97,12337.22,
Caet&eacute;s,2603207,caeteense,NIVALDO DA SILVA MARTINS,294.946,28827,97.74,30571,99.49,0.522,22.78,150770952.61,134200382.18,14578.59,
Cal&ccedil;ado,2603306,cal&ccedil;adense,JOS&Eacute; ELIAS MACENA DE LIMA FILHO,121.435,11093,90.97,11453,99.69,0.566,8.77,64489382.31,67899521.87,10497.94,
Calumbi,2603405,calumbiense,ERIVALDO JOSE DA SILVA,179.314,5228,29.16,5354,99.41,0.571,-,53003933.51,53280473.21,8756.96,
Camaragibe,2603454,camaragibense,DIEGO DA ROCHA CABRAL,51.321,147771,2879.35,156112,96.76,0.692,15.06,622917947.46,551441283.61,13940.29,
Camocim de S&atilde;o F&eacute;lix,2603504,camociense ou camocinense,SOSTENES RUBANO NEVES PONTES,72.010,17419,241.90,18018,95.95,0.588,18.35,90864968.27,82384874.37,9518.74,
Camutanga,2603603,camutanguense,TALITA CARDOZO FONSECA,39.116,7750,198.13,7962,99.78,0.606,10.64,66583613.27,59319291.95,33213.32,
Canhotinho,2603702,canhotinhense,SANDRA REJANE LOPES DE BARROS,422.830,24329,57.49,25103,98.84,0.541,18.52,134530927.85,122660008.22,10232.04,
Capoeiras,2603801,capoeirense,JOAQUIM COSTA TEIXEIRA,337.108,18338,54.39,18854,100,0.549,16,126735542.46,111319629.33,12173.46,
Carna&iacute;ba,2603900,carnaibano,WAMBERG ANTONIO GOMES AMARAL,432.137,18644,43.58,19533,99.28,0.583,4.46,129006624.16,119935223.6,9841.63,
Carnaubeira da Penha,2603926,carnaubeirense,ELIZIO SOARES FILHO,1004.248,12239,12.18,12712,97.71,0.573,32.13,65395235.41,64216500.64,6359.89,
Carpina,2604007,carpinense,MARIA EDUARDA BAIMA TEIXEIRA GOUVEIA,146.494,79293,539.35,83482,99.18,0.680,9.99,330355282.08,298341247.88,20496.82,
Caruaru,2604106,caruaruense,RODRIGO ANSELMO PINHEIRO DOS SANTOS,919.069,378048,409.52,405408,97.41,0.677,12.64,1547948338.88,1572871614.23,23456.58,
Casinhas,2604155,casinhense,JULIANA BARBOSA DA SILVA AGUIAR,116.833,12967,111.91,13468,99.36,0.567,5.88,109568394.36,97033488.2,7052.53,
Catende,2604205,catendense,GRACINA MARIA RAMOS BRAZ DA SILVA,208.594,32156,154.16,33086,98.4,0.609,10.02,151884422.71,142684210.44,8236.25,
Cedro,2604304,cedrense,MARIA RIVA BEZERRA RODRIGUES,148.746,10518,70.71,10843,98.9,0.615,13.79,69193184.58,62938354.58,10474.55,
Ch&atilde; de Alegria,2604403,alegriense,MARCOS GOMES DO AMARAL,49.327,12984,263.22,13496,98.82,0.604,5.52,85360440.93,74042802.44,12371.37,
Ch&atilde; Grande,2604502,ch&atilde;-grandense,SANDRO CORREA DOS SANTOS,84.787,20546,242.32,21258,97.59,0.599,3.7,154825096.33,149274220.13,11454.82,
Condado,2604601,condadense,SEVERINO ALBINO DA SILVA FILHO,89.645,24587,274.27,25416,99.41,0.602,12.58,124278002.09,129324575.03,9378.26,
Correntes,2604700,correntense,EDIMILSON DA BAHIA DE LIMA GOMES,317.793,17131,53.91,17670,99.77,0.536,5.05,88860599.46,94656389.62,10477.19,
Cort&ecirc;s,2604809,cortesense,MARIA DE FATIMA CYSNEIROS SAMPAIO BORBA,103.416,10198,99.15,10426,98.97,0.568,20.55,80861151.62,77160500.11,9686.87,
Cumaru,2604908,cumaruense,MARIA ZENEIDE MEDEIROS DA COSTA,291.429,15920,54.48,16215,98.83,0.572,12.99,109093952.06,100074293.18,11508.33,
Cupira,2605004,cupirense,EDUARDO DA FONSECA LIRA,95.149,23518,247.15,24343,98.07,0.592,12.38,142621275.22,127483103.92,11700.13,
Cust&oacute;dia,2605103,custodiense,MANOEL MESSIAS DE SOUZA,1382.059,37699,26.85,39609,99.07,0.594,17.06,211493750.36,204305167.14,15780.83,
Dormentes,2605152,dormentense,MARIA DO SOCORRO COELHO DE SOUSA,1539.052,17188,11.17,17850,99.48,0.589,25.38,117639910.31,118640651.02,12783.05,
Escada,2605202,escadense,MARIA JOS&Eacute; FIDELIS MOURA GOUVEIA,342.156,59891,174.82,62174,99.3,0.632,12.14,241993875.76,283811486.27,18743.36,
Exu,2605301,exuense,JOS&Eacute; PINTO SARAIVA J&Uacute;NIOR,1336.786,31843,23.82,33486,97.81,0.576,7.92,182958399.24,171965971.92,10253.15,
Feira Nova,2605400,feira-novense,JOEL CANDIDO GONZAGA,107.726,21427,198.90,22222,97.86,0.600,7.07,120076307.85,114283353.56,11071.1,
Fernando de Noronha,2605459,noronhense,GUILHERME CAVALCANTI DA ROCHA LEIT&Atilde;O,18.609,3167,170.19,3341,98.85,0.788,-,-,-,73108.78,
Ferreiros,2605509,ferreirense,JOSE ROBERTO DE OLIVEIRA,92.516,15026,162.42,15955,98.98,0.622,-,68640317.6,61830573.71,10846.66,
Flores,2605608,florense,CICERO GILBERTO CAVALCANTI RIBEIRO,995.558,20347,20.44,20776,99.63,0.556,9.57,121832608.14,123868824.62,8530.94,
Floresta,2605707,florestano,ROSANGELA DE MOURA MANI&Ccedil;OBA NOVAES FERRAZ,3637.247,30137,8.36,31702,98.93,0.626,18.29,169055107.74,171334450.49,13294.71,
Frei Miguelinho,2605806,frei-miguelinhense,JOS&Eacute; LINDONALDO DE FRAN&Ccedil;A,213.735,13636,64.11,14055,98.82,0.576,19.87,74669347.68,65482884.48,8407.94,
Gameleira,2605905,gameleirense,LEANDRO RIBEIRO GOMES DE LIMA,257.781,18214,70.66,17583,98.88,0.602,8.26,126483283.61,105985482.58,8685.09,
Garanhuns,2606002,garanhuense,SIVALDO RODRIGUES ALBINO,458.964,142506,310.77,151803,98.72,0.664,10.12,633552654.6,620186950.87,21769.91,
Gl&oacute;ria do Goit&aacute;,2606101,gloriense,JAIME DE LIMA GOMES SOBRINHO,234.486,29347,125.04,30420,98.32,0.604,8.72,152545171.3,137876047.26,17979.59,
Goiana,2606200,goianense,EDUARDO BATISTA,445.405,81055,181.98,85497,97.53,0.651,17.18,862258577.67,940108578.16,132714.72,
Granito,2606309,granitense,GEORGE WASHINGTON PEREIRA ALENCAR,521.690,6967,13.35,7217,99.37,0.595,-,57401469.9,55666822.13,10339,
Gravat&aacute;,2606408,gravataense,JOSELITO GOMES DA SILVA,507.360,86516,170.52,92429,99.1,0.634,11.63,339673848.65,330383043.96,15938.31,
Iati,2606507,iatiense,CAMILA APARECIDA TENORIO SOUTO DE SOUZA,635.137,17165,27.03,17570,97.88,0.528,18.73,117711681.81,118698057.44,10153.51,
Ibimirim,2606606,ibimiriense,JOS&Eacute; WELLITON DE MELO SIQUEIRA,1929.338,26593,14.13,28825,96.23,0.552,21.45,136509777.05,128191887.7,11158.32,
Ibirajuba,2606705,ibirajubense,MARIA IZALTA SILVA LOPES GAMA,189.596,7140,37.66,7334,98.96,0.580,9.9,63050909.11,64815757.73,11003.14,
Igarassu,2606804,igarassuense ou igarassuano,ELCIONE DA SILVA RAMOS PEDROZA BARBOSA,306.879,115196,375.38,123017,98.11,0.665,13.59,501348092.55,485549756.96,29003.48,
Iguaracy,2606903,iguaraciense,PEDRO ALVES DE OLIVEIRA NETO,836.046,11081,13.22,11347,99.05,0.598,35.09,85405956.47,83910059.22,9161.79,
Inaj&aacute;,2607000,inajaense,MARCELO MACHADO FREIRE,1240.961,25603,20.79,27758,97.57,0.523,17.65,143994379.32,135004214.53,8191.73,
Ingazeira,2607109,ingazeirense,LUCIANO TORRES MARTINS,243.858,4765,19.56,4975,99.09,0.608,-,46458945.05,45204714.34,11130.08,
Ipojuca,2607208,ipojuquense ou ipojucanos,CARLOS JOS&Eacute; DE SANTANA,521.801,98932,189.60,106539,98.76,0.619,8.78,1911882415.2,1707189429.54,150647.79,
Ipubi,2607307,ipubiense,JO&Atilde;O MARCOS SIQUEIRA TORRES,693.914,29009,41.80,30720,97.25,0.550,11.9,175766843.45,172422339.76,10800.4,
Itacuruba,2607406,itacurubense,OLEGARIO JUNIOR CANTARELLI,436.528,4284,9.96,4491,100,0.595,13.33,53637164.94,48265487.86,14220.22,
Ita&iacute;ba,2607505,itaibense,PEDRO TEOT&Ocirc;NIO DA SILVA NETO,1034.044,32650,30.75,33995,98.53,0.510,15.46,142550031.51,142795450.65,10789.31,
Ilha de Itamarac&aacute;,2607604,itamaracaense,PAULO FERNANDO PIMENTEL GALV&Atilde;O,66.146,24540,371.00,25658,99.67,0.653,20,112795937.29,102085473.98,11051.57,
Itamb&eacute;,2607653,itambeense,ARMANDO PIMENTEL DA ROCHA,304.006,34935,114.92,36652,98.86,0.575,13.59,144248909.42,151583532.61,14321.34,
Itapetim,2607703,itapetinense,ALINE KARINA ALVES DA COSTA,411.875,13791,33.48,14236,98.01,0.592,17.44,97001525.3,96207781.69,10367.12,
Itapissuma,2607752,itapissumense,VALDEMIR LOUREN&Ccedil;O DOS SANTOS J&Uacute;NIOR,73.968,27749,375.15,29669,98.06,0.633,8.22,211797460.98,193851101.7,87814.64,
Itaquitinga,2607802,itaquitinguense,PATRICK JOSE DE OLIVEIRA MORAES,162.739,16554,101.72,17142,98.69,0.586,11.76,89209018.88,77331180.18,9431.09,
Jaboat&atilde;o dos Guararapes,2607901,jaboat&atilde;oense,LUIZ JOS&Eacute; INOJOSA DE MEDEIROS,258.724,644037,2489.28,684293,97.61,0.717,13.41,2398315215.42,2244393765.98,22680.83,
Jaqueira,2607950,jaqueirense,RIDETE CELLIBE PELLEGRINO DE MACEDO OLIVEIRA,87.208,10247,117.50,10440,97.72,0.575,13.51,76761793.17,69042137.65,9611.54,
Jata&uacute;ba,2608008,jataubense,C&Aacute;TIA JUNSARA RODRIGUES AQUILINO,714.601,15843,22.17,16328,98.82,0.530,19.61,112198672.29,96060877.09,8948.98,
Jatob&aacute;,2608057,jatobaense,ROG&Eacute;RIO FERREIRA GOMES DA SILVA,277.862,14020,50.46,14477,99.05,0.645,11.24,81534519.41,75149940.78,10318.9,
Jo&atilde;o Alfredo,2608107,alfredense,JOS&Eacute; ANTONIO MARTINS DA SILVA,134.147,27725,206.68,28842,99.55,0.576,22.58,155257829.09,149093331.99,9432.35,
Joaquim Nabuco,2608206,nabuquense,MARCIA ROBERTA BARRETO,122.605,13269,108.24,13416,99.8,0.554,-,79007610.3,76843632.14,11332.6,
Jucati,2608255,jucatiense,CLELSON LUIS APARECIDO DE MELO,120.167,11517,95.56,12023,99.49,0.550,6.9,91426876.26,86375484.32,11197.05,
Jupi,2608305,jupiense,RIVANDA MARIA FREIRE LIMA TEIXEIRA,104.835,15329,146.22,16022,99.72,0.575,12.45,132421582.8,142769517.11,14274.96,
Jurema,2608404,juremense,EDVALDO MARCOS RAMOS FERREIRA,148.254,13648,92.06,14002,99.13,0.509,16.95,96937075.56,89891769.61,8579.73,
Lagoa do Carro,2608453,lagoense do carro,JOSE LUIZ ALVES DE AMORIM,69.244,17981,258.10,18804,97.55,0.609,28.44,107023057.71,99085247.32,16313.12,
Lagoa de Itaenga,2608503,itaenguense,DIMAS CAETANO DE SOUSA,57.298,19003,338.55,19863,98.86,0.602,20.41,123147699.49,114445943.77,22468.99,
Lagoa do Ouro,2608602,lagoa-do-ourense,EDSON LOPES CAVALCANTE,199.996,11933,60.04,12367,99.38,0.525,6.99,100014519.01,98178836.99,10467.9,
Lagoa dos Gatos,2608701,lagoense,ST&Ecirc;NIO FERNANDES DE ALBUQUERQUE,224.947,14076,62.57,14333,98.72,0.551,18.63,89622687.83,76302967.28,8286.49,
Lagoa Grande,2608750,lagoa-grandense,ANA CATHARINA GARZIERA MORENO,1850.070,24088,13.02,24951,97.59,0.597,14.37,175289740.64,166361095.04,17510.3,
Lajedo,2608800,lajedense,ERIVALDO RODRIGUES AMORIM,189.096,39582,209.32,41960,96.88,0.611,17.94,204088041.96,199062506.31,14323.21,
Limoeiro,2608909,limoeirense,ORLANDO JORGE PEREIRA DE ANDRADE LIMA,273.733,56510,206.44,59236,98.61,0.663,18.75,273252538.68,230633686.26,14930.68,
Macaparana,2609006,macaparanense,PAULO BARBOSA DA SILVA,108.049,23879,221.00,24642,98.56,0.609,9.46,136466664.6,133972108.79,11092.43,
Machados,2609105,machadense,JUAREZ RODRIGUES FERNANDES,58.320,11333,183.92,11387,98.51,0.578,13.51,96161674.47,87781346.29,13069.99,
Manari,2609154,manariense,AUDALIO MARTINS DA SILVA JUNIOR,386.570,23763,68.94,27046,98.68,0.487,15.09,113756412.99,111378465.03,6293.67,
Maraial,2609204,maraialense,MARLOS HENRIQUE CAVALCANTI,199.865,9359,46.83,9322,98.5,0.534,25.32,65015065.29,58007547.63,8333.9,
Mirandiba,2609303,mirandibense,EVALDO BEZERRA DE CARVALHO,821.676,14166,17.24,14605,97.26,0.591,13.64,89285940.01,83209682.58,10509.75,
Moreno,2609402,morenense,EDMILSON CUPERTINO DE ALMEIDA,194.197,55292,284.72,57654,98.49,0.652,19.85,223175839.6,225475348.06,13990.88,
Nazar&eacute; da Mata,2609501,nazareno,ADRIANA ANDRADE LIMA VASCONCELOS COUTINHO,130.572,30648,234.72,32187,99.46,0.662,9.9,120855761.99,121227992.48,21071.46,
Olinda,2609600,olindense,MIRELLA FERNANDA BEZERRA DE ALMEIDA,41.300,349976,8474.00,364717,98.28,0.735,11.53,1165401241.51,1147475096.23,14700.91,
Orob&oacute;,2609709,orobense,SEVERINO LUIZ PEREIRA DE ABREU,138.362,21808,157.43,22412,99.77,0.610,3.91,151482453.83,138012894.06,16626.83,
Oroc&oacute;,2609808,orocoense,ISMAEL FERNANDES BIONE LIRA,554.759,13613,24.54,14129,98.44,0.610,-,95361853.54,91261318.67,12178.95,
Ouricuri,2609907,ouricuriense,FRANCISCO VICTOR RAMOS COELHO,2381.570,65245,27.40,68489,98.64,0.572,21.76,243759553.61,267432401.6,11076.44,
Palmares,2610004,palmarense,JOS&Eacute; BARTOLOMEU DE ALMEIDA MELO JUNIOR,339.388,54584,160.82,56475,98.78,0.622,7.83,373446010.96,335026654.38,14497.54,
Palmeirina,2610103,palmeirinense,THATIANNE PINTO MACEDO LIMA,169.012,7031,41.65,7104,99.69,0.549,-,54915280.82,52253412.19,10648.42,
Panelas,2610202,panelense,RUBEN DE LIMA BARBOSA,380.428,22991,60.43,23337,98.96,0.569,12.46,144059207.2,154154841.35,8682.82,
Paranatama,2610301,paranatamense,HENRIQUE DE OLIVEIRA GOIS,185.371,12199,65.81,12778,98.73,0.537,8.77,84471495.54,90537394.01,24618.65,
Parnamirim,2610400,parnamirinense,LUCELIO MUCIO MOURA ANGELIM,2609.548,18612,7.13,18960,98.35,0.599,12.61,118892552.42,119794165.96,9604.04,
Passira,2610509,passirense,SEVERINO SILVESTRE DE ALBUQUERQUE,327.210,28340,86.61,29744,98.83,0.592,18.13,149998804.41,134316430.66,9167.82,
Paudalho,2610608,paudalhense,PAULA FRASSINETTE WANDERLEY MARINHO,269.651,56665,210.14,59924,97.69,0.639,11.17,296667105.59,289229606.41,16153.32,
Paulista,2610707,paulistense,SEVERINO RAMOS DE SANTANA,96.932,342167,3529.97,365144,98.56,0.732,17.49,915910828.39,961288452.64,16596.43,
Pedra,2610806,pedrense,GILBERTO J&Uacute;NIOR WANDERLEY VAZ,922.481,22795,24.71,23671,99.02,0.567,24.05,116783449.32,105574687.81,13488.22,
Pesqueira,2610905,pesqueirense,MARCOS LUIDSON DE ARA&Uacute;JO,970.439,62722,65.33,65481,97.19,0.610,9.31,281305769.09,256768295.24,12776.4,
Petrol&acirc;ndia,2611002,petrolandense,FABIANO JAQUES MARQUES,1056.589,34161,32.33,36104,98.72,0.623,14.23,236013940.77,207616947.45,44994.8,
Petrolina,2611101,petrolinense,SIM&Atilde;O AMORIM DURANDO FILHO,4561.870,386791,84.79,418444,98.29,0.697,14.28,1693739255.63,1640615205.35,22244.46,
Po&ccedil;&atilde;o,2611200,po&ccedil;&atilde;oense,JOAO GUILHERME VASCONCELOS DE SOUSA,205.119,10500,51.19,10792,98.13,0.528,22.9,68446558.62,57964245.07,9029.63,
Pombos,2611309,pomboense,ELIAS BATISTA DE LIMA,203.105,27552,114.88,26942,98.45,0.598,9.74,134926381.08,118649021.34,19577.38,
Primavera,2611408,primaverense,JEYSON CAVALCANTI DE ALMEIDA FALC&Atilde;O,113.563,13838,122.31,14380,99.72,0.580,7.09,73314605.91,64717166.57,19151.45,
Quipap&aacute;,2611507,quipapaense,GENIVALDO TEMOTEO BEZERRA,230.617,17928,77.74,17731,100,0.552,13.64,100302977.47,97896776.99,7310.24,
Quixaba,2611533,quixabense,JOSE PEREIRA NUNES,210.705,6554,31.11,6753,100,0.577,-,63193656.36,57124716.56,9868.19,
Recife,2611606,recifense,JO&Atilde;O HENRIQUE DE ANDRADE LIMA CAMPOS,218.843,1488920,6803.60,1588376,97.57,0.772,12.32,9506737206.76,9424050396.32,33094.37,
Riacho das Almas,2611705,riachense,DIOCLECIO ROSENDO DE LIMA FILHO,313.613,20639,65.73,21490,99.53,0.570,7.04,130143091.55,111324461.55,12560.89,
Ribeir&atilde;o,2611804,ribeir&atilde;oense,ANA CAROLINA COELHO JORD&Atilde;O,289.566,33507,115.71,33843,98.41,0.602,10.13,183278146.83,187801121.26,12055.44,
Rio Formoso,2611903,rio-formosense,GUTEMBERG ALEXANDRE RODRIGUES DA SILVA,227.458,20009,87.97,20388,99.59,0.613,16.72,129629386.92,119049657.88,16015.49,
Sair&eacute;,2612000,saireense,GILDO PONTES DE ARRUDA,190.455,10887,57.16,11213,97.21,0.585,-,75250823.46,61729566.53,18356.8,
Salgadinho,2612109,salgadinense,JEOSADAQUE BARBOSA SALGADO,87.217,5727,65.66,5478,99.13,0.534,17.86,48695104.21,47957557.94,7217.62,
Salgueiro,2612208,salgueirense,F&Aacute;BIO LISANDRO DE LIMA BARROS,1678.564,62372,37.16,65946,99.03,0.669,17.47,287164938.29,266989153.71,16278.25,
Salo&aacute;,2612307,saloaense,RIVALDO ALVES DE SOUZA JUNIOR,251.550,13836,55.00,14125,99.26,0.559,18.63,96781252.02,93736904.18,10771.47,
Sanhar&oacute;,2612406,sanharoense,C&Eacute;SAR AUGUSTO DE FREITAS,268.065,18624,69.48,18812,99.48,0.603,7.52,119255610.86,110561339.31,9091.27,
Santa Cruz,2612455,santacruzense,ADEGILDO GUIMARAES SOARES,1245.983,13841,11.11,14342,99.37,0.549,13.95,105359814.53,99054164.44,8501.98,
Santa Cruz da Baixa Verde,2612471,santacruzense,ISMAEL QUINTINO LEITE DE SOUSA,114.931,11567,100.64,11934,92.2,0.612,-,72868781.91,74809699.1,8935.61,
Santa Cruz do Capibaribe,2612505,santa-cruzense,HELIO LIMA ARAGAO FILHO,335.309,98254,293.03,104854,98.18,0.648,19.08,469714600.43,423796083.21,17222.96,
Santa Filomena,2612554,filomense,PEDRO GILDEVAN COELHO MELO,1005.341,12106,12.04,12360,97.63,0.533,6.1,77210279.78,67464273.21,7636.03,
Santa Maria da Boa Vista,2612604,boa-vistense,GEORGE RODRIGUES DUARTE,3000.774,40578,13.52,42782,98.82,0.590,10.07,216942477.7,213144027.69,13344.05,
Santa Maria do Cambuc&aacute;,2612703,santa-mariense,ALEX ROBEVAN DE LIMA,92.148,14013,152.07,14586,98.27,0.548,6.62,70856572.58,67512004.45,8545,
Santa Terezinha,2612802,santa-terezinhense,ADEILSON LUSTOSA DA SILVA,200.327,10244,51.14,10487,100,0.593,24.19,75822001.54,70249166.84,9637.75,
S&atilde;o Benedito do Sul,2612901,s&atilde;o-beneditense,JOS&Eacute; RINALDO DE FIGUEREDO LOPES,160.477,13113,81.71,13456,93.18,0.530,-,72746326.39,62959601.32,7205.9,
S&atilde;o Bento do Una,2613008,s&atilde;o-bentense,PEDRO ALEXANDRE MEDEIROS DE SOUZA,719.193,49449,68.76,51165,98.23,0.593,7.04,244110269.22,222498240.39,24529.96,
S&atilde;o Caitano,2613107,s&atilde;o-caitanense,JOSAFA ALMEIDA LIMA,382.483,37126,97.07,39243,98.46,0.591,14.23,170950765.04,151819655.74,11941.92,
S&atilde;o Jo&atilde;o,2613206,s&atilde;o-joanense,JOSE WILSON FERREIRA DE LIMA,258.443,23837,92.21,24895,99.32,0.570,30.96,134598743.41,132500488.42,16964.2,
S&atilde;o Joaquim do Monte,2613305,s&atilde;o-joaquinense,EDUARDO JOS&Eacute; DE OLIVEIRA LINS,224.624,20037,88.12,20438,99.13,0.537,17.18,123109003.04,109056238.68,8650.9,
S&atilde;o Jos&eacute; da Coroa Grande,2613404,s&atilde;o-jos&eacute;-coroa-grandense,JOS&Eacute; BARBOSA DE ANDRADE,69.184,18825,272.10,19511,97.39,0.608,4.1,133234771.47,132969435.22,13307.45,
S&atilde;o Jos&eacute; do Belmonte,2613503,belmontense,VINICIUS MARQUES ALVES,1474.086,34843,23.64,36890,98.83,0.610,8.55,158488577.88,171762242.32,10021.24,
S&atilde;o Jos&eacute; do Egito,2613602,egipsiense,FREDSON HENRIQUE DE OLIVEIRA BRITO,774.037,31004,40.05,32508,99.06,0.635,16.26,162624304.1,154239552.49,12894.4,
S&atilde;o Louren&ccedil;o da Mata,2613701,s&atilde;o-lourensense,VINICIUS LABANCA,263.687,111249,421.90,118258,96.3,0.653,12.07,402209901.14,364977611.18,12568.1,
S&atilde;o Vicente F&eacute;rrer,2613800,s&atilde;o-vicentino,MARCONE VICENTE DOS SANTOS,112.472,16677,148.17,17177,97.01,0.549,22.62,105157454.88,95781203.3,11544.25,
Serra Talhada,2613909,serra-talhadense,MARCIA CONRADO DE LORENA E SA ARAUJO,2980.007,92228,30.95,98816,99.27,0.661,13.31,396164019.34,410593505.97,19359.84,
Serrita,2614006,serritense,SEBASTI&Atilde;O BENEDITO DOS SANTOS,1535.190,18207,11.86,18764,97.95,0.595,8.97,116615636.01,114289120.22,8382.02,
Sert&acirc;nia,2614105,sertaniense,POLLYANNA BARBOSA DE ABREU,2409.511,32811,13.55,34271,98.73,0.613,27.93,149320988.72,155884864.27,10151.94,
Sirinha&eacute;m,2614204,sirinhaense ou sirinhadoara,MANOEL SOARES DE SOUZA FILHO,374.321,37596,100.44,39171,99.11,0.597,14.37,203896477.06,187074534.54,15423.1,
Moreil&acirc;ndia,2614303,moreirense,VICENTE TEIXEIRA SAMPAIO NETO,404.288,10540,26.07,10839,98.73,0.600,25.86,74640716.76,75330146.14,8074.11,
Solid&atilde;o,2614402,solidanense,MAYCO PABLO SANTOS ARAUJO,138.599,5210,37.65,5386,99.53,0.585,-,64926876.92,60672312.97,9390.24,
Surubim,2614501,surubinense,CL&Eacute;BER JOS&Eacute; DE AGUIAR DA SILVA,253.296,64120,253.54,67821,98.52,0.635,10.61,249678142.71,234299644.23,13831.85,
Tabira,2614600,tabirense,FL&Aacute;VIO FERREIRA MARQUES,388.459,27681,70.90,29180,99.08,0.605,2.72,135420267.8,120490322.35,10911.39,
Tacaimb&oacute;,2614709,tacaimboense,JOELDA LIMA DA SILVA PEREIRA,227.601,13738,60.36,14330,96.2,0.554,6.41,80526609.89,76813575.68,11614.02,
Tacaratu,2614808,tacaratuense,WASHINGTON ANGELO DE ARA&Uacute;JO,1264.532,23902,18.90,24898,94.57,0.573,19.54,119591506.04,105055626.47,9530.56,
Tamandar&eacute;,2614857,tamandareense,ISAIAS HONORATO DA SILVA MARQUES,213.750,23561,110.23,24670,97.34,0.593,12.82,147039918.57,139389384.04,16595.43,
Taquaritinga do Norte,2615003,norte taquaritinguense,GENIVALDO FERREIRA LINS,475.183,24736,52.06,25511,98.78,0.641,14.75,119108563.62,105266737.83,11354.57,
Terezinha,2615102,terezinhense,ARNOBIO GOMES DA SILVA,151.625,6513,43.00,6853,98.56,0.545,9.52,59846919.28,59777172,10463.31,
Terra Nova,2615201,terra-novense,ESDRAS ENILDO PIRES DE CARVALHO COELHO MOROR&Oacute;,318.709,8920,27.99,9231,98.46,0.599,9.09,69967964.04,66399019.43,9236.21,
Timba&uacute;ba,2615300,timbaubense,MARINALDO ROSENDO DE ALBUQUERQUE,287.683,46147,160.41,47312,97.88,0.618,8.56,239355504.19,226220603.1,14197.56,
Toritama,2615409,toritamense,SERGIO PROCOPIO COLIN DA SILVA CARVALHO,25.704,41137,1600.41,43921,98.21,0.618,8.03,214124382.88,188943472.35,16237.1,
Tracunha&eacute;m,2615508,tracunhaense,ALUIZIO XAVIER DA SILVA,137.321,13867,100.98,14439,97.56,0.605,18.99,71656042.09,72522215.95,12746.76,
Trindade,2615607,trindadense,HELBE DA SILVA RODRIGUES NASCIMENTO,295.765,30321,102.52,32257,99.05,0.595,13.26,158465673.03,153473210.86,13472.16,
Triunfo,2615706,triunfense,LUCIANO FERNANDO DE SOUSA,191.518,14705,76.78,15141,98.68,0.670,12.12,93620728.76,94919018.97,10330.73,
Tupanatinga,2615805,tupanatinguense,JOS&Eacute; RONALDO DA SILVA,847.745,26937,28.82,28141,97.78,0.519,11.49,146704209.4,136699314.94,8172.21,
Tuparetama,2615904,tuparetamense,DI&Oacute;GENES TORRES DA COSTA PATRIOTA,188.428,8005,42.24,8261,99.41,0.634,26.55,60036705.9,61151444.06,10783.76,
Venturosa,2616001,venturosense,KELVIN DOUGLAS CAVALCANTI ALMEIDA,331.948,17251,51.33,17563,97.81,0.592,7.43,100975711.36,101131154.41,13132.41,
Verdejante,2616100,verdejantense,FRANCISCO DE ASSIS TAVARES FILHO,476.040,9169,19.26,9483,99.44,0.605,34.78,60723702.11,66642786.79,8454.94,
Vertente do L&eacute;rio,2616183,vertentense do l&eacute;rio,HIST&Ecirc;NIO J&Uacute;NIOR DA SILVA SALES,73.631,7558,102.65,7776,99.32,0.563,-,65147973.04,71128771.15,9840.59,
Vertentes,2616209,vertentense,ISRAEL FERREIRA DE ANDRADE,196.325,21959,111.85,23127,96,0.582,15.56,105236683.95,103970366.9,9187.16,
Vic&ecirc;ncia,2616308,vicenciense,EDER WALTTER JOS&Eacute; DE OLIVEIRA SILVA,227.906,26359,115.60,27151,99.84,0.605,20.47,160419434.88,162788285.46,15789.45,
Vit&oacute;ria de Santo Ant&atilde;o,2616407,vitoriense,PAULO ROBERTO LEITE DE ARRUDA,373.300,134084,398.38,144243,98.29,0.640,5.97,627262067.99,701113181.51,32423.08,
Xex&eacute;u,2616506,xexeuense,THIAGO GON&Ccedil;ALVES DE LIMA,110.815,11611,104.78,11699,99.09,0.552,15,91947385.85,79341189.54,9561.92,

<table class="fontes-container"><tr><th>Notas:</th></tr><tr><td>Escolariza&ccedil;&atilde;o <span>6 a 14 anos</span>: [população residente no município de 6 a 14 anos de idade matriculada no ensino regular/total de população residente no município de 6 a 14 anos de idade] x 100</td></tr><tr><th>Fontes:</th></tr><tr><td>Área Territorial: Área territorial brasileira 2022. Rio de Janeiro: IBGE, 2023</td></tr><tr><td>Popula&ccedil;&atilde;o no &uacute;ltimo censo: Censo 2022: População e Domicílios - Primeiros Resultados - Atualizado em 22/12/2023</td></tr><tr><td>Densidade demogr&aacute;fica: Censo 2022: População e Domicílios - Primeiros Resultados - Atualizado em 22/12/2023</td></tr><tr><td>Popula&ccedil;&atilde;o estimada: IBGE, Diretoria de Pesquisas, Coordenação de População e Indicadores Sociais, Estimativas da população residente com data de referência 1o de julho de 2024</td></tr><tr><td>Escolariza&ccedil;&atilde;o <span>6 a 14 anos</span>: IBGE, Censo Demográfico 2010</td></tr><tr><td>IDHM <span>&Iacute;ndice de desenvolvimento humano municipal</span>: Programa das Nações Unidas para o Desenvolvimento - PNUD</td></tr><tr><td>Mortalidade infantil: Ministério da Saúde, Departamento de Informática do Sistema Único de Saúde - DATASUS 2022</td></tr><tr><td>Total de receitas brutas realizadas: Siconfi: Sistema de Informações Contábeis e Fiscais do Setor Público Brasileiro. Brasília, DF, [2023]. Disponível em: https://siconfi.tesouro.gov.br/siconfi/pages/public/consulta_finbra/finbra_list.jsf. Acesso em: jun. 2024, Contas anuais. Receitas orçamentárias realizadas (Anexo I-C) 2023 e Despesas orçamentárias empenhadas (Anexo I-D) 2023. In: Brasil. Secretaria do Tesouro Nacional</td></tr><tr><td>Total de despesas brutas empenhadas: Siconfi: Sistema de Informações Contábeis e Fiscais do Setor Público Brasileiro. Brasília, DF, [2023]. Disponível em: https://siconfi.tesouro.gov.br/siconfi/pages/public/consulta_finbra/finbra_list.jsf. Acesso em: jun. 2024, Contas anuais. Receitas orçamentárias realizadas (Anexo I-C) 2023 e Despesas orçamentárias empenhadas (Anexo I-D) 2023. In: Brasil. Secretaria do Tesouro Nacional</td></tr><tr><td>PIB per capita: IBGE, em parceria com os Órgãos Estaduais de Estatística, Secretarias Estaduais de Governo e Superintendência da Zona Franca de Manaus - SUFRAMA</td></tr></table>